id,revenue
3002,3965594.982
3003,11523901.66
3004,21377149.308
3006,14736854.164
3007,5489706.922
3008,69620742.282
3009,28080820.642
3010,444957355.234
3011,2348536.816
3012,5245964.422
3013,26332039.942
3015,44749348.316
3016,518442.774
3017,88806435.876
3018,141288112.442
3019,38459773.644
3020,1089742331.324
3021,58234452.5
3022,69995939.076
3023,3572055.818
3024,51365443.592
3026,119339284.824
3027,10803074.116
3028,118374940.094
3029,730291.214
3030,49884478.552
3031,18842420.862
3032,5515164.448
3033,1362968.358
3034,1207798.414
3035,17350515.712
3036,42571569.054
3037,56172394.556
3038,68323508.238
3039,51252712.628
3040,7160175.762
3041,52402911.248
3042,5604584.438
3043,15804067.612
3044,12321130.842
3045,464833283.812
3046,3449311.91
3047,39226837.03
3048,30054009.24
3049,50245836.442
3050,46289441.914
3051,2192440.608
3052,23654021.12
3053,437253.602
3055,76304317.82
3056,1669928.722
3057,115034000.754
3058,830822643.696
3059,1798368.8
3060,130871288.832
3061,46588691.048
3062,40946394.132
3063,38709795.268
3064,167400029.608
3065,52037329.252
3066,120703623.46
3067,3802789.678
3068,65727613.122
3069,325349847.774
3071,8709233.92
3072,600371270.484
3073,2355745.97
3075,64645284.516
3076,246640024.458
3077,52216381.964
3078,97047648.936
3079,79284873.238
3080,109518071.288
3081,36374096.166
3082,4634212.124
3083,23121248.39
3085,14663339.964
3086,124625949.132
3087,678047.0
3089,2166455.584
3090,41043307.238
3091,35265286.796
3093,324374072.44
3094,124288561.18
3095,56867191.604
3096,6140245.05
3097,1169449680.69
3098,15241690.178
3099,89368152.706
3100,16214778.962
3101,39456091.346
3102,8470526.2
3103,3970625.966
3104,4646347.756
3105,133554996.102
3106,107513614.552
3107,54701084.276
3108,25081974.63
3109,47171852.398
3110,523553333.712
3111,6110390.578
3112,6484620.828
3113,31833551.344
3114,65764855.25
3115,41737261.298
3116,11157230.54
3117,2301207.362
3118,3771622.858
3119,216328217.644
3120,205273498.498
3121,1261131.124
3123,42234030.038
3124,12288052.886
3126,55742984.93
3127,7775710.176
3128,52369205.296
3129,291415267.224
3130,19705973.886
3131,9716039.6
3132,24606912.026
3133,7694379.446
3134,35721263.658
3135,1129628.794
3136,12961208.716
3137,193296872.866
3138,2726847.67
3139,38538273.16
3140,61604322.144
3141,10201799.968
3142,621973.552
3143,188871610.244
3144,22769557.654
3145,33735766.16
3146,5269078.398
3147,15750899.634
3148,2758023.154
3149,64154954.902
3150,73849247.432
3151,15082926.812
3152,32507715.838
3153,6129803.258
3154,12463320.288
3155,45397336.276
3156,18573430.568
3157,29354581.78
3158,139704776.182
3159,5918646.268
3160,16512048.992
3161,1528099.29
3162,11484808.056
3163,64583171.39
3164,11266840.316
3166,3683419.47
3167,109340128.708
3168,3606543.376
3169,55741762.404
3170,25550171.824
3171,25946199.606
3172,36816195.276
3174,5609010.824
3175,23936356.692
3176,40788885.808
3177,93383757.9
3178,9574384.73
3179,8847542.848
3180,4307969.554
3181,2217776.094
3182,351293633.078
3183,25245551.024
3184,27275565.156
3185,103999979.188
3186,65263713.112
3187,15796941.72
3188,28035863.102
3189,85678937.866
3190,24719230.332
3191,32832988.014
3192,9801004.404
3193,305725623.95
3194,113160685.58
3195,437285.432
3196,7311049.794
3197,57328584.386
3198,115975857.93
3199,310746396.902
3200,21524955.334
3201,10816834.626
3203,1788385.664
3204,8592298.32
3205,10128380.342
3206,62270879.582
3207,42870456.074
3208,31936980.608
3210,523445774.84
3212,47460658.52
3213,202662218.566
3214,11951602.59
3215,8161328.538
3216,32754261.036
3217,321343125.544
3218,11966283.538
3219,9496287.646
3220,285479440.304
3221,36831082.936
3223,23039711.516
3224,2404654.766
3225,50205649.786
3226,8929796.96
3227,72850423.744
3228,212229866.968
3230,26174160.7
3231,59699202.552
3232,46039669.448
3233,13600122.252
3234,5540854.966
3235,8517588.83
3237,23987211.294
3238,19001280.284
3239,1232492.964
3240,303250438.474
3243,6780138.742
3245,17357935.38
3246,45788943.646
3247,49503524.11
3248,78164227.336
3249,42950026.65
3250,420138099.23
3251,5744270.886
3252,24750223.714
3253,58003019.108
3254,3218738.008
3255,1996394.406
3256,46735303.952
3257,58851324.046
3258,16158721.154
3259,29009957.336
3260,7114347.986
3261,559332845.974
3262,50067475.634
3264,5144462.516
3265,319168.358
3266,944193.808
3267,40612624.626
3269,50821001.96
3270,80770831.042
3271,9540029.124
3272,17901170.842
3273,39024265.828
3274,512225366.55
3275,29287073.032
3276,2360553.198
3277,23145604.374
3278,85150394.23
3279,65634207.172
3280,397472199.768
3281,2848075.676
3282,3937548.796
3283,381306420.698
3284,36846495.946
3285,63791091.676
3286,4181534.066
3287,3963250.406
3288,33706353.228
3289,46707219.16
3290,82778546.954
3291,47009954.638
3292,268716120.464
3293,90788288.728
3294,26712435.116
3295,15730528.708
3296,2560271.328
3297,6507163.798
3298,79252256.61
3299,7928871.59
3300,54071819.138
3301,1554145.476
3302,7872661.952
3303,6097694.266
3304,13272482.836
3305,66055747.454
3307,93524238.838
3308,12946730.946
3310,13602909.134
3311,7009472.79
3312,12707744.156
3313,79432488.078
3314,16011296.82
3315,103214828.064
3316,37966147.376
3318,29171654.974
3319,7185290.712
3320,21975124.306
3321,15118773.308
3322,8457325.562
3323,372000033.908
3324,13988252.084
3325,75784490.67
3326,264049354.724
3327,64622835.454
3328,17226580.42
3329,13953571.408
3330,118609904.59
3331,12869805.462
3332,43803459.52
3333,409573098.212
3334,6346712.686
3335,64630831.21
3336,52680723.532
3338,18842801.494
3340,109076561.188
3341,37456252.994
3342,45159765.444
3343,55813580.072
3344,4819367.174
3345,2550402.884
3346,43497368.972
3348,54380159.236
3349,76937251.818
3350,204012090.912
3351,78897032.694
3352,7200551.36
3353,101573913.568
3354,14426801.232
3355,7152786.184
3356,58062591.794
3357,3372086.902
3358,10301056.274
3359,47311607.76
3360,39155991.768
3361,222855020.744
3362,16469298.298
3363,21121667.19
3364,20071342.138
3366,171693959.514
3367,150380012.654
3368,5708072.098
3369,86198247.886
3370,96886051.674
3371,50054730.0
3372,92965539.714
3373,58739809.246
3374,36565998.766
3375,86212273.966
3376,26989122.764
3377,3590203.538
3378,26665828.782
3379,425160484.938
3380,62435271.322
3381,19760283.944
3382,1864568.478
3383,5600297.324
3384,64056251.19
3385,133712090.746
3386,2899837.578
3387,17656234.01
3388,121614132.848
3389,1053699463.348
3390,14004062.72
3391,10870764.32
3392,3862250.634
3393,15885529.854
3394,147504066.798
3395,126036932.426
3396,6211571.826
3397,932800.39
3398,366024200.25
3399,165056857.156
3400,17137332.164
3402,438178.38
3403,176878161.228
3404,35429126.678
3405,31697949.598
3406,193606707.974
3407,265801375.358
3408,48832686.922
3410,36374610.53
3411,73722528.39
3412,23395275.322
3413,47285428.896
3414,1608857.898
3415,24991980.354
3416,105419192.276
3417,82787092.962
3418,61976448.312
3419,251745292.9
3421,33441300.618
3422,9967483.586
3423,414367653.08
3425,4604007.4
3426,35313693.766
3427,28960746.866
3428,6716076.218
3429,47404068.334
3430,794638009.946
3431,1509774.886
3432,16679286.68
3433,17757325.554
3434,7259986.308
3435,325238302.296
3436,263227172.58
3437,5660244.3
3438,39301944.354
3439,114676728.286
3440,76185918.916
3441,110728941.804
3442,2948624.152
3443,16269385.118
3444,915865.22
3445,85091865.008
3447,14255641.188
3448,67999660.664
3449,54638455.782
3450,80770809.67
3451,47135737.818
3452,35086082.564
3453,55670013.456
3454,33277484.246
3455,13422939.266
3456,191114251.58
3457,34183406.512
3458,15601113.05
3459,708687420.8
3460,59750832.802
3461,36475630.656
3462,24645599.466
3463,54112605.168
3464,3684067.732
3465,33250320.534
3466,60475167.016
3467,4262105.622
3468,95945641.47
3469,4561579.394
3471,56685276.632
3473,112473741.01
3474,49653380.776
3475,381882669.442
3476,11298203.468
3477,41910479.092
3478,9536910.182
3479,209792098.822
3480,10505178.952
3481,5401914.646
3482,4229121.348
3483,4029645.454
3484,17067150.938
3485,134458749.884
3486,204137243.614
3487,62620110.722
3488,150644358.73
3489,26204241.204
3490,60341131.658
3491,23585524.968
3492,12107816.138
3493,46075099.228
3494,26877693.932
3495,98337854.18
3496,10631554.324
3497,59296247.972
3498,23725487.708
3499,8553114.206
3500,1844882.234
3501,99101180.862
3502,74040759.414
3503,45178584.784
3504,100191831.498
3505,6254035.55
3506,123114376.858
3507,341054212.594
3508,30257010.658
3509,7884627.484
3510,34938098.76
3511,43380552.942
3512,157580091.544
3513,63671919.116
3514,15495366.88
3516,117546476.58
3517,595503409.51
3518,35278288.686
3519,19037082.462
3520,1447229.548
3521,2449117.468
3522,71007468.218
3523,36952073.572
3524,87623431.854
3525,223115487.516
3526,66230437.988
3527,35020816.226
3529,536118259.96
3530,41596094.648
3531,85398184.93
3532,50738911.772
3533,63405653.86
3534,37472571.544
3535,309777195.794
3536,20320909.688
3537,109753818.3
3538,85274107.614
3539,45712974.052
3540,48791164.964
3541,17212213.83
3542,23655508.092
3543,3748262.006
3544,29396731.14
3546,3395256.708
3547,342873508.134
3548,432574664.204
3549,4340178.814
3550,347419615.204
3551,180978864.884
3552,86048441.982
3553,110570528.0
3554,155791057.862
3555,181009736.75
3556,52717225.55
3557,31711808.102
3558,191044870.802
3559,36461926.008
3560,7635481.764
3561,106445713.724
3562,16845117.326
3563,9251368.078
3564,4752843.29
3565,10371949.11
3566,38290656.626
3567,22200753.266
3568,2646303.14
3569,107739293.366
3570,1700725.032
3571,70610212.54
3572,341522737.762
3573,9575267.546
3574,34525890.89
3575,18429011.28
3576,33899394.81
3577,13532380.904
3578,59507944.172
3579,46298261.126
3580,76328429.148
3581,25709576.73
3582,96570933.87
3583,1746252.304
3584,61019542.68
3585,70652227.996
3586,30230185.804
3587,46605223.866
3588,7352585.82
3589,26895453.904
3590,33247973.5
3591,510718729.782
3593,6397002.698
3594,13991291.566
3595,28700788.946
3596,45189211.14
3597,9679376.334
3598,82029898.192
3599,22222468.032
3600,5540427.288
3601,1455315.626
3603,13112175.79
3604,7074277.738
3605,31672198.322
3606,9736962.856
3607,118412573.006
3608,151201475.702
3609,2017553.012
3610,47310989.192
3611,4066433.978
3612,71700997.964
3613,14114200.208
3614,179026361.784
3615,52431339.742
3616,12290739.336
3617,13386300.42
3618,123461070.744
3620,117256668.304
3621,491646198.198
3622,433813765.744
3623,123191434.706
3624,1181070.334
3625,1643265.708
3626,53328730.466
3627,29223770.762
3628,418697729.098
3629,11911798.752
3630,1491984.156
3631,110971905.24
3632,11756782.32
3633,71655730.602
3634,2026496.662
3635,12406306.574
3636,33010613.92
3638,22167280.622
3639,176292066.404
3640,630295190.35
3641,15384489.416
3642,8760442.282
3643,30128006.412
3644,9641859.014
3645,33595693.06
3646,59321750.566
3647,41844913.448
3648,8340894.102
3649,15024045.708
3650,46336992.102
3651,770362454.612
3652,37471591.31
3653,213207450.23
3654,24576653.19
3655,41923216.706
3656,25851809.326
3657,598838.616
3658,5442831.968
3659,100506607.69
3660,364911486.112
3661,13334529.764
3662,50101250.49
3663,445648999.31
3665,1918303.752
3666,10423165.98
3667,104444166.08
3668,52717675.332
3669,6441959.218
3670,45476167.5
3671,23311446.272
3672,8129147.302
3673,217446803.396
3674,15831374.706
3675,429152905.776
3676,117518676.8
3677,6718410.826
3678,40745370.82
3679,40109577.95
3680,24229139.744
3681,13030936.072
3682,196020366.462
3683,7665289.428
3684,71941809.244
3685,155479504.356
3686,19520661.25
3687,170164696.874
3688,5355859.23
3689,2109482.278
3690,99636234.536
3691,10957357.54
3692,6107449.112
3693,138013599.094
3694,147497071.492
3695,85820985.234
3696,35520682.908
3697,47749047.19
3698,61819736.644
3699,10631039.998
3700,12404262.662
3701,40133213.118
3703,121524118.494
3704,104048843.21
3705,12207999.248
3706,152152294.764
3708,20767762.818
3709,322679007.988
3710,75175241.362
3711,4526457.762
3712,50486816.062
3713,47251211.21
3714,10614017.28
3715,39329289.286
3716,8168412.764
3717,1535081.886
3718,4882916.346
3719,43020117.832
3720,14859473.4
3722,88347005.39
3723,6327537.616
3724,22022244.948
3725,45963863.702
3726,4126247.74
3727,100778011.82
3728,112076415.506
3729,10784132.402
3730,80321793.704
3731,143634207.534
3732,11209474.11
3733,146232400.042
3734,486246381.884
3735,18549204.588
3736,28266566.698
3737,10821168.722
3739,16644951.39
3740,50996794.4
3741,13437988.346
3742,89967613.032
3743,27084945.846
3744,171974289.33
3745,76854520.984
3746,134810935.534
3748,16941275.242
3749,13977704.448
3750,6302520.502
3751,22598861.832
3752,4902817.462
3753,10048748.576
3754,63094100.188
3755,77769785.69
3756,32067663.274
3757,323617451.536
3758,153190383.51
3759,3031171.9
3761,70784642.008
3762,211458343.664
3763,21663003.326
3764,52446983.03
3765,5449092.426
3766,8771356.466
3767,15262169.23
3769,3933051.98
3770,11781398.024
3771,92031253.838
3772,5792855.86
3773,46012496.062
3774,12813647.056
3775,181361986.864
3776,75137023.004
3777,3553448.962
3778,2332116.146
3779,16039784.104
3780,1988826.494
3781,23630228.842
3782,7558367.314
3783,52255121.686
3784,6505289.93
3785,316753869.712
3786,42449847.732
3787,162178952.808
3788,519709705.602
3789,42582429.23
3790,3585416.922
3791,23896017.9
3792,379863.088
3793,2534087.766
3795,467324204.324
3796,16604596.484
3797,47213090.152
3798,47433046.61
3799,23858710.792
3800,5637900.64
3801,97644645.03
3802,4599108.542
3803,11462730.766
3805,22548730.264
3806,148022895.01
3807,7210778.384
3809,42540606.238
3810,9915878.346
3811,14458194.008
3812,15545898.514
3814,1668970.126
3815,134820689.208
3816,125957458.364
3817,178050329.918
3818,89696197.0
3819,84417202.738
3820,125081177.408
3821,97324464.714
3822,17659370.952
3823,21422797.32
3824,4057165.78
3825,25598213.368
3826,79311709.192
3827,127117480.07
3828,9015702.572
3830,56866127.628
3832,202952124.976
3833,39432304.924
3834,18646975.722
3835,3364392.19
3837,45508046.502
3838,77695282.838
3839,9781306.446
3840,35173035.744
3841,9982741.818
3842,16176853.64
3843,59481607.984
3844,11315252.728
3846,905799.842
3847,11204286.632
3848,8729580.098
3849,105581835.714
3850,35629489.192
3851,47891009.724
3852,12995895.614
3853,109288016.876
3854,2859344.42
3855,6395547.248
3856,28693143.492
3857,704856219.348
3858,1083921.612
3859,23748684.58
3860,47080580.548
3861,36592476.852
3862,17265011.062
3863,81270811.974
3864,141419341.852
3865,75743883.592
3866,14926357.918
3867,131622050.266
3868,13687610.5
3869,84231840.28
3870,112804955.538
3871,599840629.906
3872,24641226.492
3873,42867969.16
3875,61303598.764
3876,4301355.848
3877,78081177.342
3878,167210554.614
3879,342514898.026
3880,16066516.538
3882,960806.088
3884,465359827.406
3885,16462527.932
3886,56401100.042
3887,19481976.43
3888,4808881.374
3890,139014115.916
3891,9065713.5
3892,11708111.63
3893,479629794.114
3894,167680554.512
3895,34331163.262
3896,48680683.762
3897,23411245.42
3898,39600120.728
3899,711262412.884
3900,75546781.16
3901,1798084.786
3902,2266360.104
3903,17223674.976
3904,26919451.868
3905,15328243.11
3906,74054398.272
3907,5047102.476
3908,11902546.214
3909,3319417.226
3910,26802027.004
3912,15022464.52
3913,118927305.084
3914,29768872.408
3915,289399967.756
3916,1076135.548
3917,3043000.784
3918,10218505.096
3919,120993727.312
3920,32765193.32
3921,4018314.14
3922,19752893.258
3923,36061430.466
3924,44525160.996
3925,168678276.906
3926,6624974.216
3927,114798193.644
3928,127075170.996
3929,56707747.076
3930,7489793.094
3931,23386288.478
3932,25339266.856
3933,25325992.712
3934,91819354.256
3936,3782962.12
3937,301953204.756
3938,9766071.842
3939,50293893.93
3941,26497816.122
3942,176701238.43
3943,1010568736.402
3944,15363984.258
3945,87087184.756
3946,3756030.494
3947,73891793.81
3948,13228200.002
3949,5565757.136
3950,2192798.416
3951,19956719.05
3952,50890353.832
3953,145846456.528
3954,430781272.388
3955,23587387.864
3956,189456653.236
3957,16476491.932
3958,12026042.822
3959,11053740.346
3960,7175634.652
3961,71574902.616
3962,6346978.576
3963,25558078.248
3964,960481984.122
3965,122455011.842
3966,55356236.664
3967,432613146.868
3968,63104754.846
3970,35335861.206
3971,26846541.854
3972,38671070.68
3973,74192557.342
3975,149960875.46
3976,75052293.14
3977,82782115.956
3978,154915147.454
3979,13320399.346
3980,11710121.556
3981,3289882.826
3982,4452381.316
3983,45592226.682
3984,330419507.656
3985,3506793.166
3986,1047042909.136
3987,38495579.36
3988,15100376.538
3989,40073969.15
3990,46436781.994
3991,843324.164
3992,2698449.248
3993,18108618.112
3994,45817136.922
3995,42591568.142
3996,42638580.656
3997,17475607.012
3998,118236575.682
3999,7443508.726
4000,57667804.736
4001,18403183.218
4002,235754695.448
4004,79600473.888
4005,4788826.172
4006,24440249.302
4008,18618844.764
4009,23380633.636
4010,4769759.212
4011,11587114.39
4012,218293123.23
4013,116967975.444
4014,4698895.892
4015,75950677.942
4016,30309221.202
4017,19658225.654
4018,78578312.236
4019,355300918.79
4020,16133471.3
4021,63769637.304
4022,24013745.104
4023,204431168.284
4024,41807109.036
4025,1055126.276
4026,109767193.85
4027,82762861.192
4029,578532.866
4030,28232001.692
4031,115191580.17
4032,1122343.59
4034,6525665.79
4035,77598726.528
4036,3805713.894
4037,13092009.376
4038,11772208.724
4039,88724112.944
4042,51933067.606
4043,7363925.318
4044,98339028.968
4045,166901204.118
4046,14420718.008
4047,769153984.162
4048,12928877.286
4050,16168652.982
4051,512778395.144
4052,24113203.646
4053,4577491.11
4054,2739956.406
4055,22221328.408
4056,23509939.45
4058,92428048.96
4059,4500120.29
4060,63317910.54
4061,132775291.45
4062,39863729.41
4063,19506553.796
4064,455953246.682
4065,119927249.252
4066,10426252.882
4067,62127495.28
4068,20876962.07
4069,44889908.37
4070,28277234.86
4071,72790999.846
4072,15697046.268
4073,184868490.75
4075,15664764.268
4076,34030082.634
4077,348862298.872
4078,15438183.06
4079,90074654.962
4080,6067400.992
4081,8853718.954
4082,327082086.83
4083,59066035.82
4084,6003743.82
4085,25669136.248
4086,124662102.654
4087,15646203.49
4088,49164773.878
4089,20983684.66
4090,8705258.776
4091,100939021.592
4092,61342368.59
4093,45347691.814
4094,16775983.568
4095,194580994.878
4096,11690819.086
4097,54270800.754
4098,23440503.77
4099,5529890.076
4100,72299038.52
4101,36469324.044
4102,9547297.76
4103,65382138.414
4104,8989939.224
4106,10178232.864
4107,7529186.444
4108,45428532.43
4109,1428045.282
4110,38312815.542
4111,6913902.878
4112,24144870.126
4113,12021477.866
4114,393983963.966
4115,12871541.802
4116,25205895.66
4117,12432005.91
4118,51855113.038
4119,65130532.014
4120,639613.328
4121,8752525.562
4122,206157895.426
4124,57966749.262
4125,39882979.7
4126,16107891.158
4127,3023825.36
4128,12215376.384
4129,3511858.786
4130,18050567.474
4131,132067793.922
4132,133966306.752
4133,45063693.766
4134,21310544.28
4135,19961404.314
4136,482432934.232
4137,13157201.266
4138,35480869.044
4139,12448089.572
4140,23069565.2
4141,5609065.212
4142,53499653.64
4143,55720272.712
4144,2282745.294
4145,25342765.152
4146,3960867.604
4148,50262590.592
4149,7487388.266
4150,1087993.07
4151,7842643.244
4152,34139222.99
4153,51912831.76
4154,7446324.594
4155,38385414.412
4156,8807137.11
4157,8071194.144
4158,22074979.85
4159,60239783.888
4160,371799187.558
4161,11930083.95
4162,23997864.558
4163,158653790.05
4164,41252446.356
4165,9791338.022
4166,6453246.262
4167,221100083.718
4168,14355056.322
4169,3123773.822
4170,25831609.134
4171,150409556.008
4172,98564465.102
4174,9341379.63
4175,7693627.392
4176,20934353.47
4177,759954.682
4178,455757794.826
4179,4113324.442
4180,149022235.356
4181,40947486.282
4183,68612882.424
4184,46738472.07
4185,7866672.374
4186,14186995.498
4187,25049063.578
4188,17540325.704
4189,3539465.262
4190,1478175.286
4191,2551405.336
4193,319571881.97
4194,121828202.296
4195,28501698.556
4196,30958973.932
4197,75295734.824
4199,8457445.592
4200,104696020.48
4201,97029295.35
4202,153392020.996
4203,32742409.476
4204,93770601.318
4205,8214385.672
4206,32151076.92
4207,385826308.94
4208,503873681.538
4209,42501278.56
4210,104175172.772
4211,33530882.238
4212,491317581.05
4213,9533619.052
4214,35746927.446
4215,9379443.608
4216,3916754.2
4217,5985090.314
4218,45436266.268
4219,16581923.162
4220,47243041.766
4221,1256643.918
4223,103742516.566
4224,17235617.574
4225,50356890.128
4226,41475298.268
4227,17361055.354
4229,83855941.688
4230,33230015.046
4231,3680131.986
4232,21795496.51
4233,67597233.006
4234,43262054.438
4235,11509615.65
4238,57189588.398
4239,162430070.92
4240,264255431.03
4241,235800876.83
4242,10599009.85
4243,1813511.916
4244,72652739.748
4245,9028774.65
4246,11252078.82
4247,78522339.712
4248,15322954.572
4249,30288676.412
4250,41835344.214
4251,4563425.428
4252,237076619.12
4253,107726378.47
4254,106957961.316
4255,48389148.978
4256,374399867.868
4257,160368098.946
4258,39868200.7
4260,184306888.53
4261,14630209.074
4262,4225588.72
4264,340569037.224
4265,47987599.41
4266,31826849.098
4267,51142677.534
4268,21500847.452
4269,43886488.096
4270,430938203.528
4271,41111800.298
4272,2371840.676
4273,66260395.298
4274,66606076.432
4275,25049780.97
4276,73769336.472
4277,70706475.624
4278,35391180.3
4279,70823845.696
4280,2286909.52
4281,1380448.368
4282,65988978.696
4284,26166766.918
4285,1897922.452
4286,551409961.692
4287,26415913.546
4288,68569430.162
4289,90909602.86
4290,88864876.448
4291,10388248.288
4292,2182226.086
4293,26049508.446
4294,146429147.33
4295,130505853.26
4296,41382449.974
4297,65045215.044
4298,1714946.832
4299,45584591.648
4300,82072563.468
4301,4511545.54
4302,14046342.736
4303,30537550.578
4304,12093722.964
4305,65372529.936
4306,36575232.398
4308,1686684.434
4309,49978120.822
4310,3106881.928
4311,6606288.938
4312,81089766.258
4313,233324861.776
4314,13769939.696
4315,179807181.042
4316,232248741.05
4317,6113663.44
4318,47382639.666
4319,3445608.948
4320,29009563.802
4321,50204100.386
4322,8782237.086
4323,18152207.392
4324,16133332.556
4325,14461641.4
4326,39235224.014
4327,78015410.254
4328,8681040.13
4329,1306622.088
4330,615170298.122
4331,73136273.488
4332,96926784.87
4333,7091120.646
4334,97231692.024
4335,78721111.82
4336,59037066.582
4338,171869377.756
4339,121462112.68
4340,49882932.238
4341,23605990.34
4342,19349819.948
4343,33166792.356
4344,6227079.914
4345,3615679.618
4346,68375285.1
4347,87761869.8
4348,1139538.544
4349,385603762.9
4350,16516783.374
4351,427322643.714
4352,3337516.316
4353,117321072.572
4354,36369767.106
4355,29754983.066
4356,25086623.15
4357,109629388.12
4358,28105599.492
4359,61959917.136
4360,65587135.282
4361,93523706.956
4362,7363763.634
4363,68458881.236
4364,104334991.084
4365,10547026.876
4366,38425030.656
4367,89849090.992
4368,102521063.158
4369,38663987.804
4370,95023803.62
4371,124082704.482
4372,40867435.808
4373,4571304.894
4374,43225902.076
4375,5487903.984
4377,17191766.376
4378,100817416.79
4379,133330811.312
4380,131237452.746
4381,99698665.436
4382,414858607.138
4383,172071080.318
4384,49050039.108
4385,2380731.064
4386,210623528.202
4387,77015792.678
4388,93645223.122
4389,335973230.928
4390,7065483.518
4391,3170554.726
4392,90031672.146
4393,79826397.256
4394,42743666.582
4395,6747468.754
4396,56736535.778
4397,48988522.984
4398,149348844.626
4399,5350272.91
4400,18411788.32
4401,32956593.756
4402,13862196.02
4403,27180685.456
4404,57646149.968
4405,48664793.542
4406,5702307.804
4407,4280341.986
4408,5557655.784
4409,1610628.176
4410,28422455.516
4411,13601560.886
4412,82597653.032
4413,57376155.734
4414,7832752.13
4415,17229833.34
4416,4220097.572
4417,184462175.424
4419,44332186.88
4420,418343339.4
4421,5163363.278
4422,9938485.212
4423,21299919.018
4424,10046946.798
4425,71999776.982
4426,96829787.408
4427,83059807.336
4428,16131096.62
4429,4787074.646
4430,668749.316
4432,203307629.17
4433,354713954.996
4434,406029366.028
4435,38588193.834
4436,45878882.668
4437,3843268.474
4438,4183451.148
4439,26281328.576
4440,12629386.194
4441,52968617.256
4442,1868469.724
4444,3650350.832
4445,10847716.366
4446,9541942.428
4447,102287385.394
4448,42019585.568
4449,6566697.366
4450,263914611.306
4451,448220793.462
4452,26002090.922
4453,3003812.94
4454,2018407.972
4455,2131036.19
4456,151273607.554
4457,5342721.456
4458,6469151.29
4459,36491641.714
4460,5743867.802
4461,153115072.07
4462,144654610.474
4463,6160937.67
4464,62260995.486
4465,28216572.13
4466,5076788.474
4467,58027478.768
4468,2751915.332
4469,27751587.924
4470,28847711.24
4471,3825366.24
4472,125486540.96
4473,9433805.608
4474,10884324.728
4475,5669912.83
4477,45588776.962
4478,5739185.05
4479,5800708.826
4480,102499178.436
4481,5079511.944
4483,3124788.958
4484,2381898.592
4485,76534205.108
4486,61431234.392
4487,23476685.868
4488,98326651.716
4489,67507245.868
4491,164270997.392
4492,18853661.684
4493,4875148.53
4494,19150315.046
4495,25449733.322
4496,48769651.63
4497,37429269.138
4499,1822893.81
4500,90302325.222
4501,172300966.282
4502,13334340.15
4503,512946420.738
4504,11703306.192
4505,4789637.926
4506,71996668.088
4507,6802742.966
4509,4112370.78
4510,19579570.85
4511,152541989.23
4513,65324110.488
4514,25144592.752
4515,362465475.062
4516,10469587.882
4517,11775759.16
4518,283945087.16
4519,63857127.202
4520,9760308.416
4521,20510112.588
4522,73791725.63
4523,43170891.314
4524,12624619.434
4525,9395919.05
4526,5964918.108
4527,22982781.976
4528,6919539.602
4529,4044552.208
4530,17831362.49
4531,8936635.902
4532,8237532.906
4533,27340297.256
4535,117950311.028
4536,21382015.458
4537,31538534.68
4538,28652569.188
4539,7587259.67
4540,92124223.87
4541,21392875.074
4542,74902279.908
4543,118971539.99
4544,5700052.288
4546,778919.476
4547,8477420.76
4548,9833337.404
4549,3518819.37
4550,71599459.95
4551,978872743.302
4552,105840557.624
4553,30476253.602
4554,500323221.646
4555,4438090.478
4556,61343746.764
4557,5522323.408
4558,17585138.432
4559,50463291.548
4560,102961931.558
4561,70200777.072
4562,922798.926
4563,393927507.948
4564,18361955.394
4565,6116807.016
4566,42906803.36
4567,135589559.848
4568,16470836.784
4569,18337681.042
4570,43029449.444
4572,30662361.874
4573,32330377.33
4574,563762.132
4575,5818044.65
4576,22567778.538
4577,46589656.902
4578,63625348.794
4579,8912310.732
4580,51585880.39
4581,12342054.034
4582,78611137.316
4583,174404510.742
4584,4097824.054
4585,192222408.914
4586,15663726.49
4587,20056773.33
4588,166274347.594
4589,7637381.67
4590,1091158050.306
4591,53224246.198
4592,2074791.396
4593,2263481.826
4594,35620938.08
4595,604994947.022
4596,465945909.904
4597,18888597.422
4598,277064382.564
4599,15458101.972
4600,10237052.338
4601,62161843.848
4602,49096365.016
4603,42068486.912
4604,20522090.566
4605,326962308.49
4606,174737403.058
4607,58897628.512
4608,14444643.64
4609,43462542.116
4610,205290139.718
4611,82151044.596
4612,60013315.206
4613,48195824.184
4614,39815099.2
4615,12963227.522
4617,72642231.716
4619,13647805.242
4620,3976244.824
4621,338696842.678
4622,27559366.404
4623,71951971.23
4624,4604871.258
4625,15371050.352
4626,30716292.238
4627,29519784.926
4628,13739700.602
4629,2610370.626
4630,15156356.018
4631,20468258.14
4632,16091861.678
4634,3311777.42
4635,1601059.77
4636,80602893.604
4637,7923610.682
4638,7837543.85
4640,63865814.326
4641,41070623.946
4642,24882570.134
4643,95730451.75
4644,5669442.938
4646,903188418.004
4647,3439235.186
4648,2567497.042
4649,80101324.642
4650,62901395.554
4651,62663244.538
4652,621924625.662
4653,2414359.036
4654,75921758.61
4655,74869493.308
4656,9382358.37
4657,22075249.964
4658,57291239.372
4659,8427549.44
4660,14110629.24
4661,40449299.768
4662,20257509.834
4663,26448400.47
4664,17352734.894
4665,50264553.142
4666,67149791.558
4667,261932271.858
4668,3348819.524
4669,9159171.984
4670,44423517.492
4671,31025464.952
4672,1262975.474
4673,19961007.186
4674,10836763.626
4675,19328801.606
4676,7251728.844
4677,497826.086
4678,18256655.36
4680,3520634.476
4681,48021488.386
4682,6197175.976
4683,7190993.214
4684,1379744.234
4685,80478334.12
4686,3960696.926
4687,25764117.78
4688,136983469.512
4689,24988602.798
4690,5973332.668
4691,34105811.7
4692,74339141.328
4693,19520336.578
4694,16136155.578
4695,66430098.258
4696,28096735.264
4697,109883656.216
4698,9103826.852
4699,13310909.02
4700,135383179.014
4701,207782271.244
4702,30845617.586
4703,16931499.166
4704,78590617.142
4705,69592697.084
4706,92958227.786
4707,11421002.942
4708,67066782.048
4709,1385125.498
4710,265909774.548
4711,18502315.71
4713,154158586.676
4714,17666011.658
4715,825390.312
4717,33457731.688
4718,89370568.61
4719,110267129.146
4720,5606006.84
4721,8110287.816
4722,78665468.114
4723,14782541.136
4724,138267136.1
4725,18892009.892
4726,5541235.318
4727,16730999.438
4728,37160167.474
4729,80386630.092
4730,976495.04
4731,34635136.118
4732,495905207.356
4734,267231387.366
4735,56383249.726
4736,44694446.232
4737,66040574.12
4738,4784335.938
4739,86527096.372
4740,521308980.494
4742,116581952.024
4744,2350446.948
4745,340518936.918
4746,49486979.812
4747,28277037.39
4748,113003227.624
4749,13403798.244
4750,8175083.612
4751,44752767.814
4752,5794028.024
4753,8751917.756
4754,881200335.89
4755,12244964.778
4756,61387194.594
4757,146337224.904
4758,112774656.326
4759,387496569.06
4760,5373960.026
4761,25654282.054
4762,11545613.006
4763,2578842.038
4764,346391472.61
4765,28404661.708
4766,128782589.31
4767,48546096.534
4768,77268604.544
4769,45167610.754
4770,73971726.606
4771,193578191.838
4772,14104863.984
4773,29357926.558
4774,14505604.85
4775,3368429.482
4776,5807129.34
4777,222833117.25
4778,113414249.516
4779,18878378.812
4780,317827129.68
4781,995088.138
4782,51656931.606
4783,32043161.734
4784,13091209.172
4785,22877361.02
4786,82534474.022
4787,90672169.802
4788,90573008.952
4789,9458337.28
4790,100313847.98
4791,18323551.09
4792,47543254.834
4793,37788154.284
4794,18575686.95
4795,17844980.73
4796,16917201.058
4797,758052363.052
4798,90523110.208
4799,42817751.612
4800,47306344.784
4801,6839486.582
4802,58288798.086
4803,6492118.918
4804,10589726.248
4805,1157551.652
4807,13980510.628
4808,12129845.016
4809,231759246.522
4811,12189765.642
4812,91279165.424
4813,60839016.976
4814,2302064.87
4815,37468500.298
4816,41629956.38
4817,11901391.582
4818,30951223.318
4819,8087726.258
4820,46806474.872
4821,4911342.076
4822,20010866.582
4823,8587193.718
4824,72016349.166
4825,101206590.736
4826,6045888.226
4827,61267808.684
4828,20413639.236
4829,27008964.15
4830,73431755.064
4831,29226435.792
4833,20832803.814
4834,21424543.41
4835,85662926.98
4836,3971886.658
4837,276881228.842
4838,47073797.17
4840,493820206.104
4842,61280398.478
4843,123990024.242
4844,4640000.694
4845,33348698.94
4846,9659871.138
4847,545776612.924
4848,51574846.66
4849,211675484.588
4850,37558627.93
4852,22715636.784
4853,131275543.622
4854,38044834.124
4855,69723846.588
4856,8164555.138
4857,20948718.4
4858,74917130.172
4859,13661924.832
4860,416961127.76
4861,282068772.832
4862,171539845.816
4863,262638008.252
4864,81186115.642
4865,57252468.776
4866,9257682.188
4867,192534558.806
4868,12918827.024
4870,11176277.166
4871,85008268.758
4872,2220553.686
4873,13411924.088
4874,119235436.71
4875,71268185.762
4876,34909020.392
4877,33496248.904
4878,58040719.674
4879,39358604.998
4880,12441719.94
4881,5366545.262
4882,10794969.454
4883,44080043.86
4884,119207641.268
4885,23609133.392
4886,34569691.148
4887,1008506.392
4888,4648451.68
4889,1424703.78
4890,103097197.61
4891,3917658.95
4892,14463867.428
4893,95623502.582
4894,11620350.76
4895,18417014.26
4896,136759249.846
4897,8825537.562
4898,122743232.688
4899,95322698.678
4900,206287635.278
4901,44849593.584
4902,3601954.84
4903,9631050.882
4904,202319820.826
4905,43027892.828
4907,935609591.992
4908,31553017.98
4909,62866149.208
4910,59239704.128
4911,34638047.662
4912,69073529.678
4913,37592848.36
4914,84611162.858
4915,62461373.928
4916,15182079.184
4917,13586978.934
4918,170400049.424
4919,46517994.158
4920,54274816.394
4921,77900345.964
4922,18652190.404
4923,38720714.74
4924,64923451.038
4925,125083232.262
4926,2349450.688
4927,41962013.272
4928,11990539.814
4929,56893264.32
4930,13516508.652
4931,20412634.438
4932,8214289.578
4933,96575907.062
4934,1247562.976
4936,13648822.714
4937,2729741.796
4938,11116772.424
4939,2958327.27
4940,9913305.576
4942,1877105.496
4943,103662232.724
4944,109927787.078
4945,6644659.29
4946,8303215.192
4948,4655167.346
4949,32621060.64
4950,46479783.064
4951,50756017.62
4952,29415411.946
4953,96757192.282
4954,41657436.454
4955,6756914.972
4956,3054040.35
4957,44096229.36
4958,10466098.94
4959,16084474.658
4960,10439817.128
4961,144564908.252
4962,11245540.44
4963,66013829.416
4964,8552246.076
4967,58722789.53
4968,25729680.032
4971,118078212.234
4972,60345107.702
4973,8504390.81
4974,100821364.238
4975,13900508.56
4976,3960611.93
4977,84992983.854
4978,2702537.898
4979,20471565.572
4980,37580533.558
4981,21656147.062
4982,96125040.208
4983,1358429.882
4984,58640309.334
4985,316375564.196
4986,2996628.452
4987,4903985.876
4988,3631226.654
4989,38016580.066
4990,7168714.552
4991,65558607.932
4992,181863304.998
4993,29783226.642
4994,106303647.104
4996,30150340.246
4997,50751232.64
4998,34030125.684
4999,98824434.484
5000,140870666.476
5001,187014999.222
5002,253025819.602
5003,68381120.902
5004,20749199.704
5005,29956807.326
5006,355139313.654
5007,43561692.776
5008,305518596.308
5009,44586580.206
5010,11742064.068
5011,13354745.88
5012,88280224.978
5013,22396253.084
5014,46915229.604
5015,30301658.722
5016,190238256.32
5017,11039190.228
5018,21635220.192
5019,79920248.98
5020,30139627.67
5021,23544953.914
5022,54970745.104
5023,41334703.978
5024,138923541.224
5025,6478033.986
5026,154215627.886
5027,55776472.886
5028,69793415.136
5029,107265623.138
5030,28585072.558
5031,14877122.012
5032,148207959.584
5033,5255421.19
5034,19440658.114
5035,4852109.576
5036,11125870.194
5037,37102691.23
5038,390776205.774
5039,4554704.318
5040,72953218.088
5041,44678303.422
5042,45052918.452
5043,28577273.956
5044,247052962.346
5045,8710407.442
5046,4247727.242
5047,2372068.888
5048,3126606.406
5049,86602374.094
5050,965428.898
5051,315556528.25
5052,150490296.06
5053,24201812.1
5054,49566936.874
5055,19946295.25
5056,12874311.148
5057,4110867.218
5058,10892789.936
5059,28756300.18
5060,101371539.18
5061,31735648.106
5062,2514581.102
5064,58046637.884
5065,11887288.73
5066,25055189.054
5067,59629744.024
5068,17451483.132
5069,111693201.118
5070,9877190.298
5071,104026392.054
5072,111243045.292
5073,9997289.92
5074,8309022.564
5075,9608854.832
5076,44833156.92
5077,176076616.346
5078,4479803.206
5079,7330288.068
5080,149640784.56
5081,77327746.972
5082,15318602.87
5083,9181717.12
5084,17875630.344
5085,4158531.184
5086,21800643.306
5087,3225634.474
5088,11215820.296
5089,2981804.812
5090,23480817.518
5091,17743296.284
5092,67094361.05
5093,54305929.026
5094,101917784.27
5095,105216371.27
5096,25332135.24
5097,3077101.256
5098,4692304.47
5099,6031312.668
5100,2485365.878
5101,2130008.176
5102,42079879.342
5103,969465.264
5104,34381363.866
5105,2339802.88
5106,6614956.098
5107,25555877.064
5108,48358566.93
5110,30344448.718
5111,120938476.676
5112,26398609.866
5113,1931196.814
5114,31421472.084
5115,5481544.984
5116,8917230.838
5117,388056123.18
5118,29349156.162
5120,3013309.948
5121,87346864.69
5122,67333065.582
5123,34615884.79
5125,41448728.304
5126,42876307.604
5127,26500669.9
5129,4860319.478
5130,39961192.916
5131,46043551.974
5132,43319000.43
5133,189061072.286
5134,216793145.832
5135,174033587.856
5136,2507946.924
5137,86357108.796
5138,30207300.966
5139,150611390.15
5140,203431013.434
5141,43170238.256
5142,164980098.694
5143,76216321.29
5144,84682215.51
5145,52514051.976
5146,7223832.29
5147,4823759.206
5148,29055306.026
5149,4807471.026
5150,502367506.554
5151,396562549.05
5152,113799458.022
5153,14854766.97
5154,36927341.02
5155,5310288.068
5156,668487878.626
5157,26079392.658
5158,9667376.22
5159,103067224.934
5160,42491196.326
5161,30164184.236
5162,129923716.326
5163,230906885.454
5164,3257615.086
5165,44620721.616
5166,129343481.176
5167,5025462.874
5168,4146073.488
5169,6799697.594
5170,26659265.178
5171,155491010.378
5172,9942700.674
5173,94473784.098
5174,108333672.346
5176,8639210.378
5177,122077027.202
5178,681889492.396
5180,13637994.088
5181,3858968.418
5182,39354727.976
5183,3906381.784
5184,33636729.318
5185,4631720.324
5186,15908057.268
5187,4244852.646
5188,5382290.23
5189,65548008.886
5190,329486519.53
5191,37471844.008
5192,105273678.85
5193,77635575.546
5194,33444706.08
5195,169403947.508
5196,56438702.518
5197,87478651.38
5198,49842607.218
5199,27265321.146
5200,8898556.42
5201,42703465.596
5202,4351754.718
5203,2849635.024
5204,574984.714
5205,16024468.396
5206,15164385.764
5207,5559721.824
5208,20419730.698
5209,89380952.27
5210,51168024.796
5211,8625937.722
5212,20264186.156
5213,45538416.432
5215,8889137.822
5216,75779561.348
5217,9555504.628
5218,24222592.314
5219,14519653.542
5220,69980153.028
5221,1938065.042
5222,2303024.598
5223,194060548.79
5224,2129988.598
5226,93133460.626
5227,9941384.062
5228,29384097.16
5229,236912446.726
5230,13865492.278
5231,12911036.96
5232,1274770.73
5234,119884715.014
5235,41853897.296
5236,177936680.754
5237,173214166.224
5238,9408899.816
5239,33353499.61
5240,124854497.954
5241,46848940.53
5242,22748451.008
5243,9888067.868
5244,106957308.524
5245,13086363.112
5246,17201201.098
5247,184425073.676
5248,3713518.732
5249,48171066.626
5250,208483387.74
5251,63228225.78
5253,4868279.828
5254,1177955.788
5255,43809639.268
5256,90303761.17
5257,5398358.438
5258,9858137.908
5259,91488260.684
5260,48051960.552
5261,39855001.83
5262,12851435.302
5263,122828343.17
5265,17739419.256
5266,25077896.584
5267,7763183.168
5268,35137360.912
5269,113048634.058
5270,82014606.214
5271,17991005.968
5272,143438666.814
5274,50836161.446
5275,32800774.574
5276,7070742.178
5277,5862585.42
5278,24918544.364
5279,11364669.306
5280,56533122.998
5281,35105774.752
5282,36745742.374
5283,1864832.382
5284,9402430.684
5285,120190449.228
5286,12314628.56
5287,8477589.558
5289,173639779.486
5290,211214891.994
5291,468598855.91
5292,144925918.452
5293,173412364.576
5295,499038858.308
5296,4350223.01
5297,219964855.564
5298,168818424.628
5299,5725502.544
5300,1109352.554
5301,20383583.234
5302,57352617.55
5303,21479726.068
5304,21681078.07
5306,88717180.104
5307,172333128.902
5308,1442527.438
5309,1468777.818
5310,108818897.766
5311,4929340.818
5312,173236654.696
5313,526155294.058
5314,76938660.51
5315,2397736.982
5316,27380028.278
5317,36107430.362
5318,19470437.21
5319,78423414.336
5320,24893301.632
5321,33461268.928
5322,1675906.104
5323,175182550.942
5324,25318322.488
5325,10766731.352
5326,30314893.26
5327,92219086.576
5328,55403201.54
5329,7574182.656
5330,152733434.962
5331,9125349.398
5333,35476572.978
5334,30183026.576
5335,15711063.184
5336,49172016.516
5337,3879138.944
5338,42987218.08
5339,36524144.768
5340,24132837.192
5341,113097405.372
5342,140797252.644
5343,85410343.768
5344,123457616.156
5345,1848583.75
5346,130476610.886
5347,6304438.822
5348,24806901.156
5349,1183336.246
5350,1824058.712
5351,93088650.062
5352,9132313.492
5353,34669892.946
5354,65105547.806
5355,60512759.15
5356,21858646.246
5357,884670.504
5358,82690146.986
5359,44626932.404
5360,117105445.08
5361,3746321.004
5362,3863743.666
5363,27420230.304
5364,1172485.006
5365,80610203.106
5366,92088772.81
5367,50061891.302
5368,12861375.74
5369,584965323.25
5370,25437861.544
5371,69810327.434
5372,701820601.546
5373,84045130.28
5374,82369751.77
5375,98879376.116
5376,103438859.646
5377,15767893.43
5378,1465400.384
5379,15731902.864
5380,130913191.022
5381,75164865.85
5382,67593272.682
5384,352482267.2
5385,91847963.192
5386,16374136.794
5387,5483424.342
5388,179591483.706
5389,16570101.38
5390,28003096.116
5391,41892854.35
5392,2194959.762
5393,69636044.078
5394,52846548.082
5395,44299520.862
5396,184089100.02
5397,10997320.498
5398,15712861.696
5400,7197985.242
5401,103698927.742
5402,51620018.244
5403,122768559.64
5405,131093005.36
5406,4213532.392
5407,252701756.966
5408,484268091.962
5409,170752552.278
5410,5223646.776
5411,50830405.258
5412,268713.434
5413,6762450.506
5414,105976279.458
5415,100837800.506
5416,62698980.002
5417,142190580.874
5418,2037016.316
5420,49749543.856
5421,64431119.768
5422,65006481.884
5423,372327501.826
5424,172775997.392
5425,19533474.128
5427,7263292.896
5428,4253291.64
5429,88496114.052
5430,175387161.374
5431,53306932.87
5432,98034476.594
5433,43447285.962
5434,49319631.592
5435,6763765.1
5436,57394324.536
5437,45183030.452
5438,22261307.57
5439,7134898.726
5440,62125417.318
5441,5822731.998
5442,137652369.15
5443,108245354.102
5444,82967218.796
5445,104210720.298
5446,96068037.128
5447,11217088.856
5448,13428933.044
5449,111959594.004
5450,6362918.902
5451,17006372.584
5453,177639176.182
5454,137701242.948
5455,13679959.148
5456,11777599.388
5457,40928518.916
5458,9551697.598
5459,8822686.16
5460,806116.912
5462,2816270.176
5464,1351191.282
5465,26118236.044
5466,34066235.284
5467,37058597.86
5468,119972648.564
5470,297553106.934
5471,147641938.782
5472,85782597.816
5473,26114793.702
5474,20975029.312
5475,25794930.704
5476,13103086.28
5477,15540804.106
5478,73267178.02
5479,104751956.762
5480,48453044.39
5481,3744979.156
5482,21075468.96
5483,58113406.47
5484,109864938.64
5485,6307303.156
5486,19467216.778
5487,517429630.754
5488,125782225.392
5489,53715903.776
5490,6295297.106
5491,178572198.944
5492,20265770.964
5493,24482806.272
5495,15788156.216
5496,88944676.516
5497,57515441.75
5498,3155746.598
5499,74590890.762
5500,38390401.688
5501,4616823.502
5502,18268749.582
5504,86570964.366
5505,9076693.366
5506,459609020.856
5507,26948819.216
5508,211901661.836
5509,133135032.532
5510,40153389.436
5511,22609169.502
5512,100094702.962
5513,3761230.506
5514,31399958.576
5515,9286848.072
5516,1587137.95
5517,350965336.132
5518,24915909.696
5519,191704676.894
5521,39482965.964
5522,572115.004
5523,437109976.882
5524,346159683.892
5525,52561316.99
5526,17550132.032
5528,75911398.518
5529,1487699.494
5530,310608051.384
5531,2145352.566
5532,13258508.412
5533,91916661.516
5534,353641525.512
5535,7618631.304
5536,4927134.228
5537,20852936.088
5538,24737174.924
5539,170191901.708
5540,65053440.54
5541,154972844.336
5542,3460397.464
5543,27050516.794
5544,53068761.2
5546,4786369.408
5547,11510087.89
5548,20767044.564
5549,71370397.124
5550,69218146.716
5551,15527549.384
5552,73122158.304
5553,60318663.816
5554,4541352.676
5555,32408108.43
5557,18342481.608
5558,590072528.09
5561,34031816.592
5562,69964791.304
5563,742792.964
5564,2809605.602
5565,23208873.402
5566,9274337.048
5567,5665676.704
5568,41658948.176
5569,39247235.16
5570,42260243.454
5571,106618745.248
5572,1871415.506
5573,163722401.996
5574,38659196.222
5575,257186603.944
5576,70697336.096
5577,33253651.89
5578,14158546.936
5579,7771280.422
5580,5242001.48
5581,58928385.634
5582,45045498.206
5583,175320848.976
5584,47357402.176
5587,19451102.35
5588,127182483.108
5589,108597183.636
5591,61516089.114
5592,14739227.838
5593,17168577.408
5594,11482742.518
5595,41847240.076
5596,144736193.916
5597,4417396.736
5598,34302050.118
5599,16974024.578
5600,2228347.832
5601,45577239.576
5602,111260159.858
5603,25184517.674
5604,50668633.046
5605,275930388.55
5606,95119515.624
5607,46335507.16
5608,103904802.558
5609,20017555.9
5610,35447242.58
5611,62414107.698
5612,570093043.306
5613,11370389.62
5614,41491169.298
5615,48999834.776
5616,3535983.028
5617,364930510.696
5618,45436857.554
5619,73420179.73
5620,5139361.06
5621,47622828.732
5622,15874122.75
5623,40447358.53
5624,491367295.026
5625,1881534.004
5626,10948843.602
5627,123889111.314
5628,45294377.29
5629,251434094.928
5630,21010527.65
5631,51043056.932
5632,51252733.722
5633,56384801.96
5634,20967022.576
5635,86804492.714
5636,2072334.822
5637,18363017.68
5638,235817253.016
5639,8916152.988
5641,65488943.71
5642,15436278.742
5643,5539064.378
5644,557387226.124
5645,149719872.124
5646,11033691.792
5647,24405934.802
5648,88172759.342
5651,33021254.628
5652,5044583.578
5653,116366240.742
5654,92964250.06
5655,61314581.856
5656,712926883.382
5657,3466383.03
5658,27603072.962
5659,24403355.854
5660,107809847.84
5661,32305109.762
5662,394216646.526
5663,81259303.652
5664,12762148.078
5665,80794080.56
5666,18674347.952
5667,39927754.432
5668,10515856.608
5669,11376013.158
5670,533998221.988
5671,37069771.132
5672,68021170.966
5673,185869813.542
5674,29874782.438
5675,5748775.576
5676,1798676.102
5677,81837345.648
5678,117212442.052
5679,1253159.96
5680,24047150.596
5681,873559825.228
5682,8107965.0
5683,491940426.99
5684,94237447.4
5685,15156320.79
5686,5760292.1
5687,104476012.56
5688,21380717.98
5689,46288498.026
5690,9515943.046
5691,59043523.698
5692,408940837.516
5693,37393275.146
5694,93675650.284
5695,3433891.706
5696,55154942.114
5697,1690557.174
5698,23239017.202
5699,2766751.664
5700,71143448.022
5701,14309606.2
5702,41740094.568
5703,78707058.832
5704,60167681.134
5705,18252675.83
5706,3411308.996
5707,47664116.59
5709,25622396.254
5710,16781976.176
5711,15952580.496
5712,120688751.626
5713,14164249.996
5714,19496291.69
5715,20878738.296
5717,12772444.636
5718,10209950.17
5719,52428068.388
5720,30263236.328
5721,99724836.63
5722,12525557.07
5723,60888771.84
5724,10595296.286
5726,73016274.866
5727,144778306.83
5728,88067713.04
5729,349234360.738
5730,7614652.058
5732,14004038.574
5734,26604363.516
5736,82516393.998
5737,43821853.266
5738,118470569.456
5739,30392346.894
5740,23870830.442
5741,231351511.994
5742,73791029.466
5743,42776144.554
5744,1134477.178
5745,11572512.516
5746,33687660.098
5747,5655796.938
5748,98781494.84
5749,109870327.682
5750,84386483.78
5751,64780541.436
5752,10444020.5
5753,290758482.074
5754,34013104.824
5755,88100823.93
5756,27763803.35
5757,17723311.756
5759,17926628.974
5760,10282589.948
5761,582559.192
5763,97111080.928
5764,5407267.294
5765,38595486.286
5766,58319934.016
5768,38816693.174
5769,408407089.952
5770,9160064.952
5771,39116696.54
5772,17252368.424
5773,385757167.46
5774,91262607.774
5775,56821897.372
5776,7620678.838
5777,142889446.888
5778,182432517.382
5779,314207412.9
5780,6693026.132
5781,166064905.528
5782,60472823.892
5783,73497470.024
5785,115426392.376
5786,12826155.458
5787,144928418.94
5788,5966120.43
5789,39738363.538
5790,94574461.666
5791,96332662.724
5792,20338431.606
5793,66828578.114
5794,65435511.398
5795,152778110.658
5796,36498485.902
5797,44783144.998
5798,1198913.57
5799,219997733.498
5800,3598027.454
5801,21251019.874
5802,3031389.854
5803,1344116.096
5805,11213951.63
5806,14867158.57
5807,76180859.024
5808,48195700.742
5810,2112506.468
5812,58060278.328
5813,120996319.942
5814,5775037.254
5815,14229584.008
5816,10589882.172
5817,2753629.944
5818,14554641.26
5819,61522803.436
5820,20424722.242
5821,1122570.662
5822,1248605.238
5823,56700751.714
5824,74784547.37
5825,50437474.634
5826,14418631.306
5828,391094003.606
5829,66455319.886
5830,82291923.726
5831,108743127.352
5832,56946472.186
5833,25009684.862
5834,33203177.004
5836,96670476.866
5837,89945989.232
5838,1012303.47
5839,96845143.822
5840,4977077.34
5841,85601584.156
5842,73362750.33
5843,27890957.656
5844,15159536.902
5846,6455216.054
5847,73893678.208
5848,45656700.142
5850,67546169.626
5851,5315081.292
5852,10780087.63
5853,57445787.65
5854,30166261.38
5855,171642705.75
5856,35719084.436
5857,545085450.854
5858,843975.406
5859,65702182.848
5860,137570545.652
5861,2574327.112
5862,35143577.884
5863,84023483.38
5864,374588470.242
5865,14513741.656
5866,23094518.284
5867,5674640.654
5868,66671339.458
5869,19497520.296
5870,1584849.654
5871,92240775.362
5872,371190776.696
5873,20960622.166
5874,3806824.52
5875,49975962.978
5876,95306808.362
5878,100139032.642
5879,19279611.822
5880,87779141.6
5881,92742372.484
5882,378517266.942
5883,5686859.192
5884,57631276.194
5885,7529744.854
5886,15617006.274
5887,10913463.82
5888,21887966.974
5890,103839161.162
5891,62953709.126
5892,22711272.074
5893,17562638.746
5894,136984171.02
5895,36954070.184
5896,117224896.566
5898,56386042.278
5900,20684042.236
5902,43360159.556
5903,62234350.22
5904,57031400.018
5905,48529291.468
5906,98564437.938
5907,695218.804
5908,46063864.574
5909,25505654.16
5910,99463865.884
5911,17018885.336
5912,265031091.03
5913,61540776.89
5914,42687859.708
5915,22551468.3
5916,45315217.97
5917,203014154.522
5918,134134460.056
5919,136106325.256
5920,7824101.142
5921,41146560.772
5922,16210200.114
5923,38911772.494
5924,10923671.702
5925,337769488.962
5926,2594473.518
5928,50560415.534
5929,1013545.628
5930,70890871.89
5931,58062091.572
5933,29509309.61
5934,118042880.756
5935,308084770.208
5936,115565113.858
5937,9228625.3
5939,15001373.836
5940,95259429.102
5941,15372957.124
5942,78029976.542
5943,3071849.174
5944,54194239.222
5945,7075412.288
5946,3783070.722
5947,2725958.812
5948,153349726.932
5949,6489302.912
5950,259207254.072
5951,53754646.754
5952,3461779.128
5953,128048647.536
5954,39465849.722
5955,39237103.428
5956,90745137.548
5957,35164353.444
5958,85778818.984
5959,12877997.39
5960,20825835.68
5961,22686048.138
5962,15953706.794
5963,44453790.776
5964,85393768.474
5965,69276166.988
5966,53958781.256
5968,129081285.746
5969,68850840.272
5970,32142186.468
5971,5209279.394
5972,22573679.924
5973,114189031.712
5974,3593916.858
5975,41094262.926
5976,2934154.204
5977,1668523.75
5978,556538995.552
5979,13292977.088
5980,142865295.54
5981,9650473.788
5982,171268775.872
5984,42374731.252
5985,94890522.654
5986,3215086.064
5987,25606614.14
5988,45114930.014
5989,2764031.464
5990,118486531.662
5991,3941263.694
5992,50615165.838
5993,32579240.16
5994,1446484.446
5995,23513604.14
5996,38499077.746
5997,29453658.314
5998,473161807.456
5999,1740633.014
6000,10201225.806
6001,13319995.566
6002,7620873.834
6003,550599911.072
6004,43682315.596
6005,2798562.366
6006,25773778.022
6007,5292038.146
6008,9717540.156
6009,84578015.854
6010,91463974.962
6011,29359442.53
6012,19515439.432
6013,256507441.602
6014,10014711.052
6015,22646499.43
6016,27970676.666
6017,6626167.49
6018,43196483.324
6020,3729080.982
6021,19116253.108
6022,8111805.54
6023,75160803.508
6024,2500131.68
6025,22372598.46
6026,166314808.664
6027,26906784.26
6028,171806456.004
6029,19431833.68
6030,256951671.654
6031,83558752.806
6033,74008763.474
6034,9114356.424
6035,808772091.268
6036,4830873.33
6039,9897512.572
6040,45813883.79
6041,281885826.906
6042,3046098.888
6043,211099890.572
6044,10220245.618
6045,33229840.758
6047,9814876.36
6048,7236128.808
6049,7993341.936
6051,2414443.652
6052,51214484.818
6054,11220807.934
6055,19395261.43
6056,35279093.96
6058,33631752.694
6059,125823546.602
6060,53028757.332
6061,51612177.222
6062,8915253.792
6063,119621040.822
6064,10544368.764
6065,126420560.26
6066,46672502.742
6067,91195439.854
6069,132920637.584
6070,162656905.094
6071,11682843.22
6072,44635080.958
6073,64977354.238
6074,4001576.66
6075,5402325.38
6076,70723732.966
6077,12160641.094
6078,75943540.13
6079,526380050.386
6080,4749917.578
6081,7019024.634
6082,10839238.86
6083,172556093.66
6084,28651482.996
6086,10996748.376
6087,57184603.308
6088,4291140.06
6089,15021343.318
6090,327526461.102
6091,3384145.642
6093,32772213.662
6094,212875620.07
6095,187026759.898
6096,24679946.862
6097,41945015.552
6099,34263178.594
6100,64658621.554
6101,133205866.724
6102,54039523.778
6103,88422696.63
6105,8266841.636
6107,574579.488
6108,148459891.004
6109,12439697.962
6110,101237169.71
6111,1934373.894
6113,16473694.42
6114,106080689.626
6115,255609439.494
6116,2156291.364
6117,55956490.326
6118,75204494.554
6119,290202992.712
6120,51326122.334
6122,99678554.364
6125,7126163.71
6126,30596798.322
6127,8085848.828
6128,223114953.77
6129,9962175.02
6131,13985705.402
6132,366016.716
6133,24608119.754
6134,44512917.654
6135,40515231.288
6136,568020695.34
6137,106818109.64
6138,8493308.242
6139,1124956793.192
6141,35997781.93
6142,5840060.494
6143,43938709.882
6144,27124556.834
6145,29260180.724
6147,67753694.978
6148,11063911.806
6149,89709920.982
6150,586017140.324
6151,57183288.486
6152,906742268.372
6153,16695323.624
6155,118312327.902
6156,7067211.732
6157,20088161.656
6158,127809498.316
6159,27665697.38
6160,70214411.48
6161,39384709.38
6162,9927990.47
6163,4970281.164
6164,3942226.276
6165,42642255.0
6166,47692206.492
6167,39005646.708
6168,19605753.304
6169,53427970.1
6170,11599798.252
6171,39382601.2
6172,6937319.392
6173,35699321.45
6174,50036108.438
6175,29762027.012
6176,7753253.884
6177,84237722.058
6178,5167373.644
6179,262652139.206
6180,61340894.57
6181,21886160.292
6182,547024858.904
6183,28409638.896
6184,696008196.36
6185,47484095.992
6186,33305756.886
6187,8731693.628
6188,24176203.822
6189,87846014.97
6190,124322650.57
6191,9389833.714
6192,52314090.12
6193,16166414.296
6194,2922918.368
6195,2774681.248
6196,42053420.488
6197,4501926.468
6198,133271569.274
6199,694604442.88
6200,2629573.246
6201,11300390.474
6202,89914472.702
6203,532438388.132
6204,3401036.57
6205,3493732.02
6206,70498837.902
6207,81195853.67
6208,56820483.61
6211,47146073.946
6212,64718519.282
6213,95250022.396
6214,38842692.26
6215,28396046.096
6216,24535995.392
6217,1176545.876
6218,9492864.158
6219,39980806.338
6220,1221257.058
6221,16950839.326
6222,6035930.642
6223,60132382.57
6224,43780249.394
6225,108449009.27
6226,24333798.078
6227,25626839.776
6228,4096997.386
6229,7332651.882
6230,1645398.16
6231,94188627.432
6232,7707379.352
6233,178445543.818
6234,52441791.738
6235,38030688.246
6236,58172424.22
6237,35528975.13
6238,2554526.498
6239,180976146.686
6240,297681579.016
6241,903567.338
6242,25769524.824
6243,16761490.998
6244,74277587.752
6245,18025810.1
6246,5696298.68
6247,939619795.04
6248,12803620.068
6249,7970501.69
6250,38541054.788
6251,75389355.082
6252,20631787.874
6253,11733585.97
6254,175099864.156
6255,4150473.924
6256,26943002.322
6257,81769914.112
6258,756863.88
6259,9200250.13
6260,1773191.14
6261,150590762.068
6262,16567586.994
6263,133984263.66
6264,19708537.952
6265,26500196.642
6266,25264574.344
6267,110982075.84
6268,406575.228
6269,148035631.666
6270,76879591.016
6271,347262846.202
6272,8546773.5
6273,40737095.202
6274,488489879.446
6275,41594771.104
6276,15669314.966
6277,93523062.728
6278,10100632.626
6279,26627131.804
6280,52737173.288
6281,12262989.194
6282,431514998.658
6283,40909979.22
6284,106487174.684
6285,68002531.144
6286,2530836.144
6287,23191832.722
6288,166723360.522
6289,188855544.878
6291,47711113.998
6292,149842469.886
6293,351454080.524
6294,33093605.268
6295,397343842.386
6296,7189782.378
6297,33619699.964
6298,2906987.064
6300,75008054.33
6301,34683760.842
6302,7036529.76
6303,3472152.832
6304,18597451.156
6305,165469539.424
6306,49992675.574
6307,4840756.874
6308,10473061.542
6309,671771.504
6310,65914561.896
6312,8746809.122
6313,40944274.674
6314,60400733.698
6315,3053211.938
6316,40160725.578
6317,158009608.716
6318,58153731.272
6319,54538502.464
6320,2999370.388
6322,41221811.364
6323,34140907.822
6324,4124367.74
6325,60898557.52
6327,47040860.49
6328,41682804.59
6329,15348855.654
6330,14029909.054
6331,81608062.362
6332,8212431.014
6333,20054364.892
6335,119562935.078
6336,93791977.556
6337,79520732.12
6339,30791986.252
6340,3389838.688
6341,6585355.078
6342,15887088.376
6343,86147111.85
6344,57632792.58
6345,6716803.398
6346,193511876.69
6347,61201442.314
6348,54292823.196
6349,59072836.838
6350,9220211.978
6351,116557862.61
6352,74633673.496
6353,3847135.802
6355,481465.806
6356,31909601.03
6358,7247472.256
6359,5327759.848
6360,9063186.6
6361,230203188.688
6362,21111320.506
6363,11415507.118
6364,12304247.398
6365,194860749.11
6366,24169169.666
6367,24624926.722
6368,34611878.982
6369,17186328.354
6370,181302435.772
6372,80319498.426
6373,9974238.932
6374,11069932.202
6375,187884291.436
6376,26560723.428
6377,9933894.758
6378,5389675.208
6379,226077016.372
6380,44145646.886
6381,616902277.752
6382,59920619.818
6383,49612573.836
6384,80782193.228
6385,28181678.288
6386,322149150.812
6387,15486384.426
6388,7430482.238
6390,72833829.844
6391,4521740.054
6392,22942172.084
6393,199768339.3
6394,422428001.732
6396,1146894.002
6397,14402187.032
6398,23717691.664
6399,4291378.58
6400,23754203.082
6401,14012330.402
6402,10379582.526
6403,4057202.302
6404,50926566.644
6405,1826819.666
6406,15177961.558
6407,18584043.786
6408,40721704.502
6409,83928686.676
6410,21149194.77
6412,28811630.408
6413,25662521.328
6415,5756731.0
6416,5808182.648
6417,81804158.246
6418,52158547.97
6419,51674725.192
6420,86512219.25
6421,49267789.45
6423,9033750.644
6424,67520045.274
6425,48598019.816
6426,15709683.452
6427,1815007.31
6428,7193113.672
6429,47709959.608
6430,86282635.41
6431,116848516.936
6432,130238160.368
6433,41335520.348
6434,18485981.242
6435,41545032.976
6436,69680682.486
6437,5707834.44
6438,61297628.554
6439,20499054.192
6440,51541222.16
6441,16455108.126
6442,38552861.508
6443,87880048.89
6444,1049660.888
6445,462270859.64
6446,312581196.478
6447,7961616.15
6448,7223985.418
6449,25898126.8
6451,10283708.37
6452,47172517.106
6453,91375966.18
6454,41061668.81
6455,16893081.572
6456,27399285.692
6457,122869555.342
6458,4860563.718
6459,25555166.548
6460,117385143.506
6461,89800612.362
6462,172795334.84
6463,808942.404
6464,27238040.732
6465,12444733.672
6466,52259177.14
6467,4926689.054
6468,4066768.078
6469,9873361.804
6470,3320160.212
6471,2999305.472
6472,26132802.24
6473,24903538.324
6474,8181980.962
6476,288163432.844
6477,60762906.524
6478,12913371.754
6480,60388793.584
6481,52814783.554
6482,3642872.138
6483,9102847.166
6484,170057055.29
6485,100051383.918
6487,103933982.67
6488,38078995.414
6489,5044182.258
6490,4187178.122
6491,15886513.498
6492,15882001.288
6493,27486286.044
6494,142620259.662
6495,29799197.854
6496,337149526.432
6497,343011552.448
6498,58683948.052
6499,30104701.04
6500,4286100.666
6501,7144550.826
6502,101976292.196
6503,28103520.156
6504,9784024.34
6505,27976771.74
6506,7397526.348
6507,8689730.278
6508,81402734.542
6509,6139016.15
6510,5398539.736
6511,13291227.674
6512,32193264.422
6513,49103107.07
6516,61452818.342
6517,3580621.338
6518,18714315.854
6519,65875008.47
6521,355856284.022
6522,51969542.536
6523,77806960.706
6524,23293117.79
6525,68351373.296
6527,2229863.652
6528,10817648.668
6530,121305160.196
6531,6551740.658
6532,33728042.93
6534,496784496.178
6535,10664518.382
6536,61328309.14
6537,100860331.432
6538,40072143.244
6539,194450418.022
6540,136642262.122
6541,113164815.408
6543,728025.436
6544,41583371.916
6545,22608181.382
6546,406072760.22
6548,48203049.586
6549,97706437.126
6550,36841072.312
6551,60383476.018
6552,26056213.302
6553,6126964.244
6554,27499342.628
6555,42249673.674
6556,67683511.626
6557,9766909.572
6558,86753900.748
6559,60212134.244
6560,372987722.13
6561,4768644.726
6562,108757349.386
6563,18797702.844
6564,20164742.11
6566,53620713.682
6567,9174280.08
6568,24736945.276
6570,62641024.092
6571,50243115.232
6573,72297867.828
6574,39188906.966
6576,19157676.364
6577,13840394.018
6578,44162354.474
6579,10276936.308
6580,79158869.206
6581,42273500.454
6584,4392306.906
6585,62732749.56
6586,64136479.15
6587,13106842.37
6588,5266027.2
6589,69271254.756
6590,205426982.352
6591,30152726.802
6592,146001562.31
6593,84614593.682
6594,59960936.526
6596,141980108.688
6597,5879307.172
6598,57004719.99
6599,24884458.376
6600,6330129.952
6601,63242460.854
6602,521933529.816
6603,61342060.48
6604,22500912.224
6605,105551906.944
6606,6430466.796
6607,84313685.358
6608,1280425.21
6609,5660590.004
6611,25488495.002
6612,843225682.538
6613,38484742.366
6614,280967672.76
6616,143385172.866
6617,83769677.128
6618,76624095.302
6619,9982033.59
6621,64396315.472
6622,90463295.394
6623,349310683.278
6624,130961531.194
6625,95951521.552
6626,116139223.944
6627,66085678.068
6628,369297.078
6630,6231566.706
6631,2753673.544
6632,3868758.146
6633,11008761.258
6634,7797516.634
6635,19668662.546
6636,207225344.236
6637,77692336.03
6638,3214867.138
6639,12527113.764
6640,34066658.322
6641,145979681.854
6642,215341370.052
6643,5216978.93
6644,3863968.132
6645,69161209.664
6646,59154647.172
6647,3788364.976
6648,61100793.252
6649,14500768.346
6650,6451334.992
6651,62272863.332
6652,7468420.718
6653,62357721.814
6654,252314948.02
6655,45382004.0
6656,24034320.332
6657,99012786.452
6659,3336901.484
6662,25872433.914
6663,506838966.796
6664,3670581.6
6666,14426237.012
6667,155123354.794
6668,33701123.966
6669,35709464.37
6670,2970333.174
6671,38100224.846
6672,29332116.99
6673,90378541.454
6674,473605810.97
6675,86468195.664
6676,12475535.824
6677,937688.024
6678,37294062.098
6679,427014273.776
6680,52124744.32
6681,515362549.494
6682,36361059.994
6683,41643477.728
6685,18325691.882
6686,10580677.998
6687,103818663.652
6688,23690025.528
6689,87243112.092
6690,330832734.338
6692,827208925.322
6694,63351814.01
6695,49337375.776
6696,240043034.732
6697,14681421.426
6698,12399821.328
6699,296715882.88
6700,137665227.522
6701,70722130.744
6702,46037327.29
6703,7178383.432
6704,3381330.56
6705,34269476.31
6706,30198160.626
6707,35062287.834
6708,42044376.282
6709,2232881.57
6710,143485281.034
6711,33364229.806
6712,115478011.712
6713,3693617.316
6714,1456879.676
6715,5672993.674
6716,35611478.764
6717,231412712.382
6718,9841170.246
6719,25434040.888
6721,76918537.248
6722,11677871.866
6723,147930618.568
6724,15643900.684
6725,7708371.524
6726,110173862.686
6727,6500742.056
6728,8279519.208
6729,33791416.3
6730,27594770.304
6731,6019775.48
6732,1855875.328
6733,153581195.712
6734,12543815.87
6735,163526876.566
6736,1996195.948
6737,10916253.32
6738,3971791.84
6739,18549840.83
6741,2350382.07
6742,47940351.396
6743,114408514.262
6744,10638645.416
6745,4121505.836
6746,61463195.55
6747,26467083.548
6749,11455154.614
6750,2422684.272
6751,16935128.698
6752,134922949.294
6754,90328666.19
6755,11689958.506
6756,120036758.65
6757,67107088.438
6758,8923174.142
6759,153216096.212
6760,23642543.308
6761,20812017.208
6762,1829763.562
6763,72718184.478
6764,14597632.43
6765,170694556.754
6767,46405845.348
6768,199261349.548
6769,21713255.82
6770,17356836.202
6771,11479951.222
6772,6224517.242
6773,44388697.422
6774,359550741.482
6775,282152899.534
6776,3107546.606
6777,60116919.896
6778,63475213.668
6779,16611196.722
6780,67846130.474
6781,9857790.352
6782,143148725.094
6783,32482416.81
6784,7434702.804
6785,74745592.364
6786,4094558.806
6787,8591302.516
6788,7700145.47
6789,3825000.69
6790,13395718.346
6791,30957289.746
6792,413078666.262
6793,53570142.936
6794,28909360.562
6795,8056737.968
6796,818775540.05
6797,42185794.8
6799,3766699.766
6800,105364080.43
6801,455664777.804
6802,16672067.956
6803,253258279.368
6805,86411920.36
6806,10554105.316
6807,55415044.554
6808,3650299.268
6809,63745311.102
6810,20585219.364
6811,46314097.386
6812,13502530.566
6813,130479095.726
6814,8256847.294
6815,11395877.24
6816,17925588.046
6819,93601449.334
6820,38154515.65
6821,12881362.96
6822,26051678.426
6823,34482502.984
6824,247335074.152
6825,52614901.754
6826,12036052.436
6827,20163319.978
6829,1397879.75
6830,10263803.142
6831,61065341.114
6832,33428155.828
6833,39846044.194
6834,6241261.394
6835,151661679.68
6836,4866571.414
6837,261676742.758
6838,11530833.488
6840,15318359.418
6841,23831323.392
6842,12296840.454
6843,16179848.206
6844,220273060.462
6845,15412474.978
6846,45229526.932
6848,32065656.918
6849,21256659.12
6850,97989279.892
6851,229856666.6
6852,19107172.8
6853,37585054.852
6854,38724192.042
6855,70152105.608
6856,2210144.224
6857,30444312.078
6858,4572911.062
6859,38039273.49
6860,20945469.546
6861,32696465.24
6862,56010753.384
6863,309000240.336
6864,4388266.05
6865,7462954.482
6866,135423385.046
6867,50141799.452
6868,1021140569.032
6869,38170277.578
6870,2307232.136
6871,72951747.746
6872,3073002.3
6874,94968488.756
6875,6289169.73
6876,58298866.344
6877,31980543.668
6878,7670670.152
6879,7629792.264
6882,164746929.012
6883,62006134.338
6884,47810213.324
6885,20346159.29
6886,2151320.426
6887,68885696.49
6888,86988173.28
6889,5201756.254
6890,11618705.15
6891,84895356.958
6892,216869221.524
6893,202584451.722
6894,26201065.524
6895,3391961.44
6896,5430617.2
6897,1934165.4
6898,13793253.22
6899,13073821.318
6900,75339437.458
6901,42150400.114
6902,3922123.056
6903,31198263.01
6904,165827001.074
6905,55544371.078
6906,150009677.208
6907,41608418.458
6908,9985837.748
6909,5851209.328
6910,13181961.316
6911,13761537.718
6912,22252264.878
6913,587940976.936
6914,392646429.338
6915,11817844.474
6916,17671100.798
6917,814147446.484
6918,81354283.608
6919,6371611.678
6920,112573038.39
6921,305456724.962
6922,65290195.108
6923,15969727.776
6925,18026455.046
6926,41221183.242
6927,1512765.184
6928,43953864.972
6929,82890351.488
6930,142529644.106
6931,12785967.918
6932,10390158.136
6933,14138364.718
6934,81029125.214
6935,4757084.894
6936,28588905.686
6937,389776250.338
6938,7323317.43
6939,33767299.594
6940,125123574.208
6941,118826436.724
6942,43801581.208
6943,16900480.69
6944,126219863.106
6945,9895950.26
6946,86013891.228
6947,6455596.228
6948,26571480.766
6949,126411549.998
6950,334680736.678
6951,6662515.944
6952,13613458.788
6953,31255571.776
6954,49185263.442
6955,34496503.542
6956,8971306.456
6957,8917320.888
6959,7044101.574
6960,49524927.584
6961,27890613.226
6962,208219836.022
6963,23389093.606
6964,54056773.092
6966,64144137.406
6967,143238336.498
6968,4244610.418
6969,4969112.392
6970,18709700.122
6971,140437421.308
6972,1207821.186
6973,35035769.754
6974,56138241.596
6975,62554555.04
6976,63873783.512
6977,3601802.34
6978,5278407.242
6979,53292512.04
6980,22566850.33
6981,2269788.782
6982,73158915.604
6983,7616547.076
6984,76851123.458
6985,239110623.076
6986,35562736.722
6987,3399395.43
6988,56301955.766
6989,20936136.744
6990,450271196.344
6991,5805839.95
6993,21205555.792
6995,40675880.296
6996,63283898.042
6998,11962230.394
6999,207164253.318
7000,1803362.98
7001,10754456.618
7002,5030379.714
7003,17928644.47
7004,82530252.064
7005,2718700.266
7007,23317618.626
7008,95661552.502
7009,7300485.326
7010,16394654.292
7011,9551717.7
7012,6545280.602
7013,7824613.528
7015,185186553.338
7016,305662926.452
7017,20515430.228
7018,12989245.2
7019,80653837.836
7020,49814598.426
7021,54352229.614
7022,34938225.1
7023,46011865.794
7024,11210142.054
7025,6469398.252
7026,177183063.42
7027,77253291.238
7029,54544671.516
7030,44416090.882
7031,154491328.022
7032,25988677.21
7033,11787964.748
7034,27706195.656
7035,14513001.456
7036,13118092.052
7037,14270776.962
7038,17500557.762
7039,83120406.622
7040,16615647.244
7041,66162731.49
7042,86711479.87
7043,30706490.726
7044,31840459.046
7045,44809022.32
7046,135104934.594
7047,276115886.068
7048,2396460.52
7049,75626983.13
7051,16315266.322
7052,83590886.922
7054,76152164.47
7055,119399101.358
7056,243091835.89
7057,7654762.518
7058,6695075.944
7059,29861143.23
7060,16508480.616
7061,22370366.906
7062,40212139.238
7063,1276646.284
7064,118862142.858
7065,28287457.67
7066,9388555.794
7067,3719388.306
7068,45108057.274
7069,7607079.082
7070,144832142.206
7071,205815655.132
7073,19814269.516
7074,4860747.218
7075,43716350.084
7076,61601717.414
7077,23879480.632
7078,68071356.47
7079,13682883.04
7080,19485845.382
7081,24416892.182
7083,3315473.284
7084,54370232.152
7085,21488518.774
7086,53298017.608
7087,162812087.634
7088,83658480.398
7089,1811632.18
7090,9811753.528
7091,11733136.856
7092,548914082.004
7093,57581842.064
7094,48119795.534
7095,21457344.144
7096,79596573.506
7097,112443077.08
7098,57737422.002
7099,73531091.542
7100,28538693.718
7101,38418961.462
7103,7526672.998
7104,15478377.766
7105,39413298.13
7106,21083586.854
7107,42865910.094
7108,3223555.826
7109,47897435.716
7110,6185390.198
7111,7150151.512
7112,197307379.666
7113,128199859.176
7114,26367308.458
7115,41520433.842
7116,43804895.254
7118,20360605.564
7119,46615837.742
7120,772957.02
7121,16799911.054
7122,1105678.508
7123,4029767.384
7124,479699443.496
7125,108089574.348
7126,418208520.794
7127,53471300.472
7128,12110943.202
7129,9972289.31
7130,12178233.546
7131,12657465.406
7132,121439177.91
7133,104219461.12
7134,59225376.03
7135,134040491.68
7136,42974482.816
7137,30501180.584
7138,9906025.316
7139,1089069.532
7140,144989649.914
7141,2870325.528
7142,40784065.958
7143,106291020.992
7144,2982608.698
7145,49874135.312
7146,5603310.242
7147,127479490.1
7148,44630502.27
7149,39994241.306
7151,10444028.662
7152,45968469.786
7153,24496043.308
7154,33942741.17
7155,310381320.866
7156,19210026.352
7157,97008396.184
7159,7010950.264
7160,3250686.582
7161,64830280.048
7162,342869940.178
7163,34618179.664
7164,5875795.594
7165,243795791.108
7166,29874578.498
7167,3808839.386
7168,6021237.458
7169,5961156.088
7170,6903282.516
7171,40705802.336
7172,18587053.846
7173,17103044.864
7174,9552559.156
7175,9601374.62
7176,17744067.618
7177,160880498.912
7178,24244518.836
7179,138320917.982
7180,1002884.35
7181,7162195.044
7182,72479707.954
7183,1219727.644
7184,1089571600.096
7185,20222004.88
7186,45037265.418
7187,155656094.77
7188,87429497.202
7189,51036928.1
7190,25157919.052
7191,340405.54
7192,37197107.11
7193,27500772.736
7194,298577842.056
7195,49251024.538
7196,39211507.906
7197,22048335.71
7198,26188864.73
7199,17034716.638
7200,107933923.252
7201,7473103.23
7202,30249610.598
7203,1396012.752
7204,87801062.856
7205,223656437.4
7206,92730053.838
7207,400928507.858
7208,52478212.42
7209,21980489.692
7210,1984547.356
7212,64786043.638
7213,30159808.178
7214,431536926.094
7215,73230691.694
7216,223251433.666
7217,2505077.72
7218,49907621.466
7219,66641832.314
7220,65065715.474
7221,47834640.598
7222,127420242.034
7223,14931146.994
7224,19846592.628
7225,1549475.366
7226,36228856.328
7227,102413538.696
7228,21244410.512
7229,37711029.466
7230,4097289.964
7231,20979166.634
7232,376812633.774
7233,209045146.71
7234,147467381.104
7235,40537339.224
7236,102408717.804
7237,12086150.588
7238,13676935.764
7239,899860729.476
7240,70780434.142
7241,144844652.738
7242,68404193.732
7243,35204981.772
7244,45189599.286
7245,1013102.268
7247,106541033.998
7248,65794853.806
7250,3831755.344
7251,61146788.256
7252,28584477.718
7253,17660883.65
7254,79241721.14
7255,4551040.808
7256,108933679.124
7257,38218528.602
7258,47722940.688
7259,23451617.1
7260,2822440.708
7261,565435272.776
7263,70828580.19
7264,14404585.664
7265,19149475.054
7266,39851198.968
7267,1985193.43
7268,6409768.95
7269,102461735.926
7270,200351929.776
7271,11188931.652
7272,28765934.442
7273,9449694.314
7274,13409470.038
7275,42605665.382
7276,9022354.178
7277,208550977.202
7278,382960385.052
7279,287484779.244
7281,52878844.102
7282,57162791.118
7283,173158272.056
7284,11223104.548
7285,82388247.724
7286,175998696.828
7287,11534249.946
7288,14531988.198
7289,87547781.344
7290,37296836.234
7291,48080477.782
7292,7027359.32
7293,16986695.826
7295,87451457.222
7296,422738.126
7297,64480303.848
7298,6796100.638
7299,4564030.798
7300,3652150.69
7301,94722506.122
7302,6331727.028
7303,2735994.142
7304,17515827.544
7305,8438836.01
7306,516668948.398
7307,2558074.106
7308,4203088.214
7309,29948929.532
7310,22971826.22
7311,19601910.778
7312,98139505.134
7313,175063828.534
7314,15760772.804
7315,6493377.334
7316,18259770.366
7317,16254244.592
7318,85239890.51
7319,26290832.422
7320,414437108.548
7322,7730093.01
7323,42452228.584
7324,22899944.374
7325,205937831.93
7326,184442913.438
7327,2816502.372
7328,59842584.32
7329,142877031.342
7330,219343989.244
7331,88344117.56
7332,48208942.15
7333,145676716.374
7334,8618720.056
7335,75282300.896
7336,54297578.12
7337,16150867.266
7338,51696979.008
7339,47230894.436
7340,5979950.212
7342,111018353.666
7343,9094254.528
7344,2900183.568
7345,6583641.07
7346,7873167.988
7347,18402281.502
7348,6716668.06
7349,56443022.0
7350,66447492.958
7351,37563754.216
7352,1120237.972
7353,12162680.47
7355,52179865.546
7356,67368454.348
7357,10626617.104
7358,17662688.866
7359,71315794.906
7360,23382871.954
7361,1760680.63
7362,177850696.366
7363,692125009.908
7364,1565310.548
7365,60541674.488
7366,73606442.894
7367,6819518.856
7368,46070733.748
7369,35431406.536
7370,60018888.88
7372,126238520.01
7373,399516673.722
7374,13028516.358
7375,60508146.35
7376,4142817.39
7377,34181936.988
7378,96226739.116
7379,85583955.484
7380,14510804.67
7381,17162998.744
7382,12408979.258
7384,26960133.756
7385,41358029.874
7386,37285336.214
7387,5115772.232
7388,16723659.33
7389,2239470.77
7391,3646123.852
7392,20418155.084
7393,510196465.728
7394,103194561.332
7395,50365236.902
7396,50680264.798
7397,139707271.252
7398,19098216.024
